housing_type,price,size,price_per_sq,rooms,neighbourhood,website,date,lon,lat
mieszkanie,1270000,72.18,17594.9,3,Bemowo,Domiporta,22/10/2023,20.9125573,52.2421087
mieszkanie,785000,60.0,13083.0,2,Bemowo,Morizon,28/10/2023,20.9125573,52.2421087
mieszkanie,1230000,72.18,17040.73,3,Bemowo,Domiporta,28/10/2023,20.9125573,52.2421087
mieszkanie,840000,47.11,17830.61,2,Bemowo,Domiporta,31/10/2023,20.9125573,52.2421087
mieszkanie,1300000,86.0,15116.28,3,Bemowo,Domiporta,31/10/2023,20.9125573,52.2421087
mieszkanie,725200,49.0,14800.0,2,Bemowo,Domiporta,31/10/2023,20.9125573,52.2421087
mieszkanie,748000,64.0,11687.5,3,Bemowo,Domiporta,31/10/2023,20.9125573,52.2421087
mieszkanie,990000,58.73,16856.8,2,Bemowo,Domiporta,3/11/2023,20.9125573,52.2421087
mieszkanie,685000,59.7,11474.04,3,Bemowo,Domiporta,3/11/2023,20.9125573,52.2421087
mieszkanie,655000,59.76,10960.51,3,Bemowo,Domiporta,3/11/2023,20.9125573,52.2421087
mieszkanie,569000,46.8,12158.12,2,Bemowo,Domiporta,8/11/2023,20.9125573,52.2421087
mieszkanie,799000,61.7,12949.76,3,Bemowo,Domiporta,8/11/2023,20.9125573,52.2421087
mieszkanie,1075000,118.57,9066.37,4,Białołęka,Domiporta,23/10/2023,21.0206194,52.3315662
mieszkanie,572009,58.97,9700.0,3,Białołęka,Domiporta,26/10/2023,21.0206194,52.3315662
mieszkanie,504112,51.44,9800.0,3,Białołęka,Domiporta,26/10/2023,21.0206194,52.3315662
mieszkanie,463419,46.81,9900.0,3,Białołęka,Domiporta,26/10/2023,21.0206194,52.3315662
mieszkanie,528953,46.81,11300.0,3,Białołęka,Domiporta,28/10/2023,21.0206194,52.3315662
mieszkanie,563164,58.97,9550.01,3,Białołęka,Domiporta,28/10/2023,21.0206194,52.3315662
mieszkanie,549000,40.0,13725.0,2,Białołęka,Domiporta,31/10/2023,21.0206194,52.3315662
mieszkanie,593975,51.65,11500.0,2,Białołęka,Domiporta,31/10/2023,21.0206194,52.3315662
mieszkanie,610000,53.0,11509.43,3,Białołęka,Domiporta,4/11/2023,21.0206194,52.3315662
mieszkanie,795000,60.46,13149.19,3,Białołęka,Domiporta,4/11/2023,21.0206194,52.3315662
mieszkanie,514400,51.44,10000.0,3,Białołęka,Domiporta,6/11/2023,21.0206194,52.3315662
mieszkanie,890000,80.0,11125.0,4,Bielany,Domiporta,23/10/2023,20.0210888,52.81907
mieszkanie,750000,53.0,14150.94,3,Bielany,Domiporta,24/10/2023,20.0210888,52.81907
mieszkanie,921000,54.2,16992.62,2,Bielany,Domiporta,26/10/2023,20.0210888,52.81907
mieszkanie,945000,70.21,13459.62,3,Bielany,Domiporta,26/10/2023,20.0210888,52.81907
mieszkanie,1350000,82.3,16403.4,3,Bielany,Domiporta,26/10/2023,20.0210888,52.81907
mieszkanie,2250000,106.96,21035.9,4,Bielany,Domiporta,30/10/2023,20.0210888,52.81907
mieszkanie,680000,54.35,12511.5,2,Bielany,Domiporta,30/10/2023,20.0210888,52.81907
mieszkanie,1134300,99.5,11400.0,4,Bielany,Domiporta,30/10/2023,20.0210888,52.81907
mieszkanie,575000,38.8,14819.59,2,Bielany,Domiporta,8/11/2023,20.0210888,52.81907
mieszkanie,987100,47.79,20654.95,2,Mokotów,Domiporta,22/10/2023,21.0457809,52.1939874
mieszkanie,989800,47.92,20655.26,2,Mokotów,Domiporta,22/10/2023,21.0457809,52.1939874
mieszkanie,850000,56.2,15124.56,3,Mokotów,Domiporta,22/10/2023,21.0457809,52.1939874
mieszkanie,500000,28.0,17857.14,1,Mokotów,Domiporta,22/10/2023,21.0457809,52.1939874
mieszkanie,2200000,122.81,17913.85,4,Mokotów,Domiporta,23/10/2023,21.0457809,52.1939874
mieszkanie,1990000,108.21,18390.17,3,Mokotów,Domiporta,23/10/2023,21.0457809,52.1939874
mieszkanie,860000,64.0,13437.5,4,Mokotów,Domiporta,24/10/2023,21.0457809,52.1939874
mieszkanie,760000,61.5,12357.72,3,Mokotów,Domiporta,24/10/2023,21.0457809,52.1939874
mieszkanie,1420000,91.0,15604.4,3,Mokotów,Domiporta,24/10/2023,21.0457809,52.1939874
mieszkanie,799000,55.75,14331.84,2,Mokotów,Domiporta,24/10/2023,21.0457809,52.1939874
mieszkanie,570000,36.0,15833.33,2,Mokotów,Domiporta,24/10/2023,21.0457809,52.1939874
mieszkanie,850000,59.5,14285.71,2,Mokotów,Domiporta,24/10/2023,21.0457809,52.1939874
mieszkanie,790000,49.87,15841.19,3,Mokotów,Domiporta,24/10/2023,21.0457809,52.1939874
mieszkanie,1352910,69.38,19500.0,3,Mokotów,Domiporta,24/10/2023,21.0457809,52.1939874
mieszkanie,3000000,135.0,22222.0,5,Mokotów,Morizon,24/10/2023,21.0457809,52.1939874
mieszkanie,845000,50.0,16900.0,2,Mokotów,Morizon,24/10/2023,21.0457809,52.1939874
mieszkanie,4900000,173.66,28216.05,4,Mokotów,Domiporta,25/10/2023,21.0457809,52.1939874
mieszkanie,2250000,140.0,16071.43,4,Mokotów,Domiporta,25/10/2023,21.0457809,52.1939874
mieszkanie,6500000,252.0,25793.65,6,Mokotów,Domiporta,25/10/2023,21.0457809,52.1939874
mieszkanie,1540000,64.0,24062.5,3,Mokotów,Domiporta,25/10/2023,21.0457809,52.1939874
mieszkanie,1059000,56.7,18677.25,2,Mokotów,Domiporta,25/10/2023,21.0457809,52.1939874
mieszkanie,750000,37.0,20270.27,2,Mokotów,Domiporta,25/10/2023,21.0457809,52.1939874
mieszkanie,855000,42.92,19920.78,2,Mokotów,Domiporta,25/10/2023,21.0457809,52.1939874
mieszkanie,830000,40.75,20368.1,2,Mokotów,Domiporta,25/10/2023,21.0457809,52.1939874
mieszkanie,840000,56.0,14947.0,3,Mokotów,Morizon,26/10/2023,21.0457809,52.1939874
mieszkanie,1900000,107.0,17757.01,3,Mokotów,Domiporta,26/10/2023,21.0457809,52.1939874
mieszkanie,1200000,52.0,23076.92,2,Mokotów,Domiporta,26/10/2023,21.0457809,52.1939874
mieszkanie,1625000,145.1,11199.17,4,Mokotów,Domiporta,26/10/2023,21.0457809,52.1939874
mieszkanie,1350000,43.1,31322.51,2,Mokotów,Domiporta,26/10/2023,21.0457809,52.1939874
mieszkanie,3500000,135.6,25811.21,4,Mokotów,Domiporta,26/10/2023,21.0457809,52.1939874
mieszkanie,2780000,84.69,32825.6,3,Mokotów,Domiporta,26/10/2023,21.0457809,52.1939874
mieszkanie,3171960,97.8,32433.13,4,Mokotów,Domiporta,28/10/2023,21.0457809,52.1939874
mieszkanie,1450000,91.61,15827.97,4,Mokotów,Domiporta,30/10/2023,21.0457809,52.1939874
mieszkanie,2499000,136.3,18334.56,5,Mokotów,Domiporta,30/10/2023,21.0457809,52.1939874
mieszkanie,3348810,124.0,27006.53,4,Mokotów,Domiporta,30/10/2023,21.0457809,52.1939874
mieszkanie,5050000,168.58,29956.1,5,Mokotów,Domiporta,30/10/2023,21.0457809,52.1939874
mieszkanie,1980000,87.36,22664.84,3,Mokotów,Domiporta,30/10/2023,21.0457809,52.1939874
mieszkanie,950000,59.0,16101.69,2,Mokotów,Domiporta,30/10/2023,21.0457809,52.1939874
mieszkanie,840000,56.2,14946.62,3,Mokotów,Domiporta,30/10/2023,21.0457809,52.1939874
mieszkanie,459000,31.0,14806.45,1,Mokotów,Domiporta,30/10/2023,21.0457809,52.1939874
mieszkanie,2250000,113.0,19911.5,4,Mokotów,Domiporta,30/10/2023,21.0457809,52.1939874
mieszkanie,829000,47.5,17452.63,2,Mokotów,Domiporta,31/10/2023,21.0457809,52.1939874
mieszkanie,1420000,64.0,22187.5,2,Mokotów,Domiporta,31/10/2023,21.0457809,52.1939874
mieszkanie,996000,40.0,24900.0,2,Mokotów,Domiporta,31/10/2023,21.0457809,52.1939874
mieszkanie,2900000,282.0,10283.69,7,Mokotów,Domiporta,31/10/2023,21.0457809,52.1939874
mieszkanie,1899000,202.0,9400.99,5,Mokotów,Domiporta,31/10/2023,21.0457809,52.1939874
mieszkanie,610000,30.5,20000.0,1,Mokotów,Domiporta,31/10/2023,21.0457809,52.1939874
mieszkanie,1990000,146.46,13587.33,7,Mokotów,Domiporta,31/10/2023,21.0457809,52.1939874
mieszkanie,575000,37.5,15333.33,2,Mokotów,Domiporta,31/10/2023,21.0457809,52.1939874
mieszkanie,690000,38.0,18157.89,1,Mokotów,Domiporta,31/10/2023,21.0457809,52.1939874
mieszkanie,3400000,126.0,26984.13,4,Mokotów,Domiporta,31/10/2023,21.0457809,52.1939874
mieszkanie,1590000,74.0,21486.49,2,Mokotów,Domiporta,3/11/2023,21.0457809,52.1939874
mieszkanie,1680000,85.0,19569.0,2,Mokotów,Morizon,3/11/2023,21.0457809,52.1939874
mieszkanie,550000,21.73,25310.63,1,Mokotów,Domiporta,4/11/2023,21.0457809,52.1939874
mieszkanie,1555000,85.0,18294.12,3,Mokotów,Domiporta,4/11/2023,21.0457809,52.1939874
mieszkanie,1950000,79.12,24646.11,4,Mokotów,Domiporta,4/11/2023,21.0457809,52.1939874
kawalerka,550000,21.0,25311.0,1,Mokotów,Morizon,4/11/2023,21.0457809,52.1939874
mieszkanie,590000,30.5,19344.26,1,Mokotów,Domiporta,7/11/2023,21.0457809,52.1939874
mieszkanie,678600,39.0,17400.0,2,Mokotów,Domiporta,7/11/2023,21.0457809,52.1939874
mieszkanie,1490000,88.0,16931.82,3,Mokotów,Domiporta,8/11/2023,21.0457809,52.1939874
mieszkanie,1100000,56.7,19400.35,2,Mokotów,Domiporta,8/11/2023,21.0457809,52.1939874
mieszkanie,2716000,170.0,15976.47,5,Mokotów,Domiporta,8/11/2023,21.0457809,52.1939874
mieszkanie,1640400,80.72,20322.1,4,Mokotów,Domiporta,8/11/2023,21.0457809,52.1939874
mieszkanie,1140000,54.36,20971.3,1,Mokotów,Domiporta,8/11/2023,21.0457809,52.1939874
mieszkanie,976320,36.42,26807.25,1,Mokotów,Domiporta,8/11/2023,21.0457809,52.1939874
mieszkanie,2599120,66.78,38920.63,3,Mokotów,Domiporta,8/11/2023,21.0457809,52.1939874
mieszkanie,1741950,83.89,20764.69,4,Mokotów,Domiporta,8/11/2023,21.0457809,52.1939874
mieszkanie,785000,49.0,16020.41,2,Mokotów,Domiporta,8/11/2023,21.0457809,52.1939874
mieszkanie,1100000,61.9,17770.6,4,Ochota,Domiporta,22/10/2023,20.970357505294206,52.2104853
mieszkanie,459000,26.9,17063.2,1,Ochota,Domiporta,23/10/2023,20.970357505294206,52.2104853
mieszkanie,915000,55.5,16486.49,2,Ochota,Domiporta,24/10/2023,20.970357505294206,52.2104853
mieszkanie,1500000,95.7,15673.98,4,Ochota,Domiporta,24/10/2023,20.970357505294206,52.2104853
mieszkanie,1300000,77.0,16740.0,4,Ochota,Morizon,24/10/2023,20.970357505294206,52.2104853
mieszkanie,1120000,81.0,13803.0,5,Ochota,Morizon,24/10/2023,20.970357505294206,52.2104853
mieszkanie,1509628,38.0,38908.0,2,Ochota,Morizon,24/10/2023,20.970357505294206,52.2104853
mieszkanie,1393638,76.0,18130.0,3,Ochota,Morizon,26/10/2023,20.970357505294206,52.2104853
mieszkanie,950000,64.0,14843.75,2,Ochota,Domiporta,28/10/2023,20.970357505294206,52.2104853
mieszkanie,2150000,107.0,20093.46,4,Ochota,Domiporta,30/10/2023,20.970357505294206,52.2104853
mieszkanie,1860000,116.0,16034.48,4,Ochota,Domiporta,31/10/2023,20.970357505294206,52.2104853
mieszkanie,680000,48.0,14166.67,3,Ochota,Domiporta,3/11/2023,20.970357505294206,52.2104853
mieszkanie,1971156,106.0,18575.0,5,Ochota,Morizon,3/11/2023,20.970357505294206,52.2104853
mieszkanie,1399878,56.0,24900.0,2,Ochota,Morizon,3/11/2023,20.970357505294206,52.2104853
mieszkanie,2500000,146.0,17123.29,5,Ochota,Domiporta,8/11/2023,20.970357505294206,52.2104853
mieszkanie,620000,25.0,24800.0,1,Praga,Domiporta,26/10/2023,18.9321787,51.8895645
mieszkanie,709500,35.05,20242.51,1,Praga,Domiporta,28/10/2023,18.9321787,51.8895645
mieszkanie,960200,60.27,15931.64,3,Praga,Domiporta,28/10/2023,18.9321787,51.8895645
mieszkanie,730100,47.76,15286.85,2,Praga,Domiporta,28/10/2023,18.9321787,51.8895645
mieszkanie,1879740,69.62,27000.0,3,Praga,Domiporta,28/10/2023,18.9321787,51.8895645
mieszkanie,2576700,98.16,26250.0,3,Praga,Domiporta,28/10/2023,18.9321787,51.8895645
mieszkanie,1061907,45.97,23100.0,2,Praga,Domiporta,28/10/2023,18.9321787,51.8895645
mieszkanie,5210790,168.09,31000.0,5,Praga,Domiporta,28/10/2023,18.9321787,51.8895645
mieszkanie,2928900,112.65,26000.0,5,Praga,Domiporta,28/10/2023,18.9321787,51.8895645
mieszkanie,699000,52.72,13258.73,2,Praga,Domiporta,30/10/2023,18.9321787,51.8895645
mieszkanie,1095000,72.0,15208.33,3,Praga,Domiporta,31/10/2023,18.9321787,51.8895645
mieszkanie,698105,32.47,21500.0,2,Praga,Domiporta,31/10/2023,18.9321787,51.8895645
mieszkanie,730000,62.0,11774.19,3,Praga,Domiporta,4/11/2023,18.9321787,51.8895645
mieszkanie,878400,60.27,14574.42,3,Praga,Domiporta,6/11/2023,18.9321787,51.8895645
mieszkanie,1110176,45.97,24150.01,2,Praga,Domiporta,6/11/2023,18.9321787,51.8895645
mieszkanie,1608222,69.62,23100.0,3,Praga,Domiporta,6/11/2023,18.9321787,51.8895645
mieszkanie,4280700,112.65,38000.0,5,Praga,Domiporta,6/11/2023,18.9321787,51.8895645
mieszkanie,800000,49.98,16006.4,2,Praga,Domiporta,8/11/2023,18.9321787,51.8895645
mieszkanie,800000,64.7,12364.76,3,Praga,Domiporta,8/11/2023,18.9321787,51.8895645
mieszkanie,620000,25.0,24800.0,1,Praga,Domiporta,26/10/2023,18.9321787,51.8895645
mieszkanie,709500,35.05,20242.51,1,Praga,Domiporta,28/10/2023,18.9321787,51.8895645
mieszkanie,960200,60.27,15931.64,3,Praga,Domiporta,28/10/2023,18.9321787,51.8895645
mieszkanie,730100,47.76,15286.85,2,Praga,Domiporta,28/10/2023,18.9321787,51.8895645
mieszkanie,1879740,69.62,27000.0,3,Praga,Domiporta,28/10/2023,18.9321787,51.8895645
mieszkanie,2576700,98.16,26250.0,3,Praga,Domiporta,28/10/2023,18.9321787,51.8895645
mieszkanie,1061907,45.97,23100.0,2,Praga,Domiporta,28/10/2023,18.9321787,51.8895645
mieszkanie,5210790,168.09,31000.0,5,Praga,Domiporta,28/10/2023,18.9321787,51.8895645
mieszkanie,2928900,112.65,26000.0,5,Praga,Domiporta,28/10/2023,18.9321787,51.8895645
mieszkanie,699000,52.72,13258.73,2,Praga,Domiporta,30/10/2023,18.9321787,51.8895645
mieszkanie,1095000,72.0,15208.33,3,Praga,Domiporta,31/10/2023,18.9321787,51.8895645
mieszkanie,698105,32.47,21500.0,2,Praga,Domiporta,31/10/2023,18.9321787,51.8895645
mieszkanie,730000,62.0,11774.19,3,Praga,Domiporta,4/11/2023,18.9321787,51.8895645
mieszkanie,878400,60.27,14574.42,3,Praga,Domiporta,6/11/2023,18.9321787,51.8895645
mieszkanie,1110176,45.97,24150.01,2,Praga,Domiporta,6/11/2023,18.9321787,51.8895645
mieszkanie,1608222,69.62,23100.0,3,Praga,Domiporta,6/11/2023,18.9321787,51.8895645
mieszkanie,4280700,112.65,38000.0,5,Praga,Domiporta,6/11/2023,18.9321787,51.8895645
mieszkanie,800000,49.98,16006.4,2,Praga,Domiporta,8/11/2023,18.9321787,51.8895645
mieszkanie,800000,64.7,12364.76,3,Praga,Domiporta,8/11/2023,18.9321787,51.8895645
mieszkanie,599000,41.3,14503.63,2,Rembertów,Domiporta,4/11/2023,21.1628191,52.2614149
mieszkanie,819000,83.75,9779.1,4,Rembertów,Domiporta,8/11/2023,21.1628191,52.2614149
mieszkanie,574000,38.0,15105.26,2,Targówek,Domiporta,28/10/2023,21.0580854,52.2751918
mieszkanie,565000,54.0,10462.96,3,Targówek,Domiporta,30/10/2023,21.0580854,52.2751918
mieszkanie,1100000,83.0,13253.01,3,Targówek,Domiporta,31/10/2023,21.0580854,52.2751918
mieszkanie,669900,41.0,16339.02,2,Targówek,Domiporta,31/10/2023,21.0580854,52.2751918
mieszkanie,1100000,77.0,14286.0,3,Targówek,Morizon,3/11/2023,21.0580854,52.2751918
mieszkanie,725151,49.33,14700.0,3,Ursus,Domiporta,30/10/2023,20.8828989,52.1960985
mieszkanie,625000,34.0,18382.35,2,Ursynów,Domiporta,22/10/2023,21.0323214,52.141039
mieszkanie,799000,62.3,12825.04,2,Ursynów,Domiporta,22/10/2023,21.0323214,52.141039
mieszkanie,1999999,140.0,14285.71,4,Ursynów,Domiporta,23/10/2023,21.0323214,52.141039
mieszkanie,1699000,130.0,13019.0,4,Ursynów,Morizon,24/10/2023,21.0323214,52.141039
mieszkanie,1150000,85.0,13529.0,3,Ursynów,Morizon,28/10/2023,21.0323214,52.141039
mieszkanie,712080,55.2,12900.0,2,Ursynów,Domiporta,28/10/2023,21.0323214,52.141039
mieszkanie,975000,59.5,16386.55,2,Ursynów,Domiporta,28/10/2023,21.0323214,52.141039
mieszkanie,650000,34.0,19117.65,2,Ursynów,Domiporta,30/10/2023,21.0323214,52.141039
mieszkanie,899000,80.5,11167.7,2,Ursynów,Domiporta,30/10/2023,21.0323214,52.141039
mieszkanie,1046100,63.0,16604.76,4,Ursynów,Domiporta,31/10/2023,21.0323214,52.141039
mieszkanie,1650000,146.0,11301.37,4,Ursynów,Domiporta,31/10/2023,21.0323214,52.141039
mieszkanie,615000,42.0,14642.86,2,Ursynów,Domiporta,31/10/2023,21.0323214,52.141039
mieszkanie,790000,63.2,12500.0,3,Ursynów,Domiporta,3/11/2023,21.0323214,52.141039
mieszkanie,799000,64.0,12311.0,3,Ursynów,Morizon,3/11/2023,21.0323214,52.141039
mieszkanie,649000,52.0,12266.0,3,Ursynów,Morizon,4/11/2023,21.0323214,52.141039
mieszkanie,839000,64.0,12928.0,3,Ursynów,Morizon,4/11/2023,21.0323214,52.141039
mieszkanie,1199000,127.0,9440.94,4,Ursynów,Domiporta,8/11/2023,21.0323214,52.141039
mieszkanie,969000,69.5,13942.45,4,Ursynów,Domiporta,8/11/2023,21.0323214,52.141039
mieszkanie,690000,77.0,8961.04,3,Wawer,Domiporta,24/10/2023,21.1370825,52.2203581
mieszkanie,911500,105.0,8644.0,4,Wawer,Morizon,24/10/2023,21.1370825,52.2203581
mieszkanie,680000,135.0,5037.04,5,Wawer,Domiporta,25/10/2023,21.1370825,52.2203581
mieszkanie,679000,120.0,5658.33,5,Wawer,Domiporta,31/10/2023,21.1370825,52.2203581
mieszkanie,999000,120.0,8325.0,5,Wawer,Domiporta,31/10/2023,21.1370825,52.2203581
mieszkanie,770000,105.79,7278.57,4,Wesoła,Domiporta,23/10/2023,21.2292763,52.2517942
mieszkanie,689000,96.62,7131.03,4,Wesoła,Domiporta,23/10/2023,21.2292763,52.2517942
mieszkanie,1015000,70.0,14500.0,3,Wesoła,Domiporta,24/10/2023,21.2292763,52.2517942
mieszkanie,849000,57.0,14788.0,3,Wesoła,Morizon,24/10/2023,21.2292763,52.2517942
mieszkanie,770000,96.62,7969.36,4,Wesoła,Domiporta,26/10/2023,21.2292763,52.2517942
mieszkanie,1259556,146.46,8600.0,4,Wilanów,Domiporta,22/10/2023,21.1104411,52.1530829
mieszkanie,650000,46.5,13978.49,2,Wilanów,Domiporta,24/10/2023,21.1104411,52.1530829
mieszkanie,1240000,53.0,23396.23,3,Wilanów,Domiporta,24/10/2023,21.1104411,52.1530829
mieszkanie,854392,55.48,15400.0,2,Wilanów,Domiporta,24/10/2023,21.1104411,52.1530829
mieszkanie,2000000,104.0,19231.0,5,Wilanów,Morizon,24/10/2023,21.1104411,52.1530829
mieszkanie,1299000,66.0,19537.0,3,Wilanów,Morizon,24/10/2023,21.1104411,52.1530829
mieszkanie,985000,49.0,20053.0,2,Wilanów,Morizon,24/10/2023,21.1104411,52.1530829
mieszkanie,2100000,167.1,12567.32,4,Wilanów,Domiporta,25/10/2023,21.1104411,52.1530829
mieszkanie,1640000,101.36,16179.95,4,Wilanów,Domiporta,25/10/2023,21.1104411,52.1530829
mieszkanie,625000,42.2,14810.43,2,Wilanów,Domiporta,26/10/2023,21.1104411,52.1530829
mieszkanie,2290000,155.0,14774.19,5,Wilanów,Domiporta,26/10/2023,21.1104411,52.1530829
mieszkanie,1080000,49.0,21987.0,2,Wilanów,Morizon,28/10/2023,21.1104411,52.1530829
mieszkanie,4380000,233.5,18758.03,5,Wilanów,Domiporta,30/10/2023,21.1104411,52.1530829
mieszkanie,1299000,63.0,20619.05,2,Wilanów,Domiporta,30/10/2023,21.1104411,52.1530829
mieszkanie,1990000,137.7,14451.71,3,Wilanów,Domiporta,30/10/2023,21.1104411,52.1530829
mieszkanie,3800000,189.0,20105.82,5,Wilanów,Domiporta,30/10/2023,21.1104411,52.1530829
mieszkanie,997000,45.4,21960.35,2,Wilanów,Domiporta,31/10/2023,21.1104411,52.1530829
mieszkanie,4590000,203.0,22610.84,6,Wilanów,Domiporta,31/10/2023,21.1104411,52.1530829
mieszkanie,3960000,193.46,20469.35,5,Wilanów,Domiporta,31/10/2023,21.1104411,52.1530829
mieszkanie,6900000,476.0,14495.8,8,Wilanów,Domiporta,31/10/2023,21.1104411,52.1530829
mieszkanie,1790000,90.0,19888.89,3,Wilanów,Domiporta,31/10/2023,21.1104411,52.1530829
mieszkanie,1795000,82.39,21786.62,4,Wilanów,Domiporta,31/10/2023,21.1104411,52.1530829
mieszkanie,1240000,57.4,21602.79,2,Wilanów,Domiporta,31/10/2023,21.1104411,52.1530829
mieszkanie,2816250,112.65,25000.0,4,Wilanów,Domiporta,31/10/2023,21.1104411,52.1530829
mieszkanie,2200000,90.0,24444.44,3,Wilanów,Domiporta,31/10/2023,21.1104411,52.1530829
mieszkanie,3800000,186.35,20391.74,5,Wilanów,Domiporta,31/10/2023,21.1104411,52.1530829
mieszkanie,975000,49.6,19657.26,2,Wilanów,Domiporta,31/10/2023,21.1104411,52.1530829
mieszkanie,1790000,121.0,14793.39,4,Wilanów,Domiporta,31/10/2023,21.1104411,52.1530829
mieszkanie,1990000,154.0,12922.08,4,Wilanów,Domiporta,3/11/2023,21.1104411,52.1530829
mieszkanie,4200000,189.63,22148.39,5,Wilanów,Domiporta,4/11/2023,21.1104411,52.1530829
mieszkanie,1599000,87.0,18379.31,3,Wilanów,Domiporta,4/11/2023,21.1104411,52.1530829
mieszkanie,2767500,123.0,22500.0,4,Wilanów,Domiporta,4/11/2023,21.1104411,52.1530829
mieszkanie,2530000,115.0,22000.0,4,Wilanów,Domiporta,4/11/2023,21.1104411,52.1530829
mieszkanie,2000000,104.0,19230.77,4,Wilanów,Domiporta,4/11/2023,21.1104411,52.1530829
mieszkanie,1760000,91.0,19340.66,4,Wilanów,Domiporta,7/11/2023,21.1104411,52.1530829
mieszkanie,1450000,66.0,21969.7,3,Wola,Domiporta,23/10/2023,20.2730003,52.3985938
mieszkanie,780000,53.0,14716.98,3,Wola,Domiporta,24/10/2023,20.2730003,52.3985938
mieszkanie,720000,38.62,18643.19,2,Wola,Domiporta,24/10/2023,20.2730003,52.3985938
mieszkanie,794200,36.1,22000.0,2,Wola,Domiporta,24/10/2023,20.2730003,52.3985938
mieszkanie,860000,35.73,24069.41,2,Wola,Domiporta,24/10/2023,20.2730003,52.3985938
mieszkanie,1130000,59.0,19152.54,3,Wola,Domiporta,24/10/2023,20.2730003,52.3985938
mieszkanie,1200000,63.05,19032.51,3,Wola,Domiporta,25/10/2023,20.2730003,52.3985938
mieszkanie,545000,21.0,25952.38,1,Wola,Domiporta,25/10/2023,20.2730003,52.3985938
mieszkanie,1181250,62.55,18884.89,3,Wola,Domiporta,25/10/2023,20.2730003,52.3985938
mieszkanie,780000,48.0,16250.0,3,Wola,Domiporta,25/10/2023,20.2730003,52.3985938
mieszkanie,1620984,85.45,18969.97,4,Wola,Domiporta,26/10/2023,20.2730003,52.3985938
mieszkanie,619920,29.52,21000.0,1,Wola,Domiporta,26/10/2023,20.2730003,52.3985938
mieszkanie,827400,39.4,21000.0,2,Wola,Domiporta,26/10/2023,20.2730003,52.3985938
mieszkanie,670000,48.0,13958.33,2,Wola,Domiporta,28/10/2023,20.2730003,52.3985938
mieszkanie,2700000,117.0,23076.92,4,Wola,Domiporta,28/10/2023,20.2730003,52.3985938
mieszkanie,435000,22.7,19163.0,1,Wola,Domiporta,28/10/2023,20.2730003,52.3985938
mieszkanie,1980000,117.0,16923.08,3,Wola,Domiporta,28/10/2023,20.2730003,52.3985938
mieszkanie,775000,56.5,13716.81,3,Wola,Domiporta,30/10/2023,20.2730003,52.3985938
mieszkanie,1672100,72.7,23000.0,3,Wola,Domiporta,31/10/2023,20.2730003,52.3985938
mieszkanie,650000,25.0,26000.0,1,Wola,Domiporta,31/10/2023,20.2730003,52.3985938
kawalerka,661000,26.0,24664.0,1,Wola,Morizon,31/10/2023,20.2730003,52.3985938
mieszkanie,770000,46.08,16710.07,2,Wola,Domiporta,31/10/2023,20.2730003,52.3985938
mieszkanie,869000,41.0,21195.12,2,Wola,Domiporta,31/10/2023,20.2730003,52.3985938
mieszkanie,1014000,63.38,15998.74,3,Wola,Domiporta,3/11/2023,20.2730003,52.3985938
mieszkanie,629900,31.09,20260.53,1,Wola,Domiporta,3/11/2023,20.2730003,52.3985938
mieszkanie,675000,40.0,16646.0,2,Wola,Morizon,3/11/2023,20.2730003,52.3985938
mieszkanie,779000,47.0,16574.47,2,Wola,Domiporta,4/11/2023,20.2730003,52.3985938
mieszkanie,649000,37.14,17474.42,2,Wola,Domiporta,4/11/2023,20.2730003,52.3985938
mieszkanie,889000,49.48,17966.86,3,Wola,Domiporta,8/11/2023,20.2730003,52.3985938
mieszkanie,529000,40.74,12984.78,2,Włochy,Domiporta,24/10/2023,12.674297,42.6384261
mieszkanie,1120000,81.0,13803.0,5,Włochy,Morizon,24/10/2023,12.674297,42.6384261
mieszkanie,567000,31.69,17892.08,2,Włochy,Domiporta,25/10/2023,12.674297,42.6384261
mieszkanie,1120000,81.0,13803.0,4,Włochy,Morizon,6/11/2023,12.674297,42.6384261
mieszkanie,835000,66.5,12556.39,3,Włochy,Domiporta,8/11/2023,12.674297,42.6384261
mieszkanie,720000,48.07,14978.16,3,Śródmieście,Domiporta,22/10/2023,21.019067,52.2328098
mieszkanie,1270000,65.19,19481.52,3,Śródmieście,Domiporta,23/10/2023,21.019067,52.2328098
mieszkanie,1799000,53.3,33752.35,3,Śródmieście,Domiporta,24/10/2023,21.019067,52.2328098
mieszkanie,899000,37.0,24297.3,2,Śródmieście,Domiporta,24/10/2023,21.019067,52.2328098
mieszkanie,600000,22.22,27002.7,1,Śródmieście,Domiporta,24/10/2023,21.019067,52.2328098
mieszkanie,830000,42.4,19575.47,1,Śródmieście,Domiporta,24/10/2023,21.019067,52.2328098
mieszkanie,1699000,135.0,12585.19,3,Śródmieście,Domiporta,24/10/2023,21.019067,52.2328098
mieszkanie,695000,30.3,22937.29,1,Śródmieście,Domiporta,24/10/2023,21.019067,52.2328098
mieszkanie,1200000,40.0,30000.0,2,Śródmieście,Domiporta,24/10/2023,21.019067,52.2328098
mieszkanie,499000,24.0,20791.67,1,Śródmieście,Domiporta,24/10/2023,21.019067,52.2328098
mieszkanie,720000,48.0,14978.0,3,Śródmieście,Morizon,24/10/2023,21.019067,52.2328098
mieszkanie,1650000,76.0,21608.0,3,Śródmieście,Morizon,24/10/2023,21.019067,52.2328098
mieszkanie,3200000,197.46,16205.81,4,Śródmieście,Domiporta,25/10/2023,21.019067,52.2328098
mieszkanie,8900000,165.0,53939.39,4,Śródmieście,Domiporta,25/10/2023,21.019067,52.2328098
mieszkanie,799000,38.0,21026.32,2,Śródmieście,Domiporta,25/10/2023,21.019067,52.2328098
mieszkanie,770000,38.0,20263.16,2,Śródmieście,Domiporta,25/10/2023,21.019067,52.2328098
mieszkanie,1953000,60.17,32458.04,2,Śródmieście,Domiporta,25/10/2023,21.019067,52.2328098
kawalerka,495000,23.0,20975.0,1,Śródmieście,Morizon,26/10/2023,21.019067,52.2328098
mieszkanie,5005000,182.0,27500.0,5,Śródmieście,Domiporta,26/10/2023,21.019067,52.2328098
mieszkanie,2800000,120.0,23333.33,3,Śródmieście,Domiporta,26/10/2023,21.019067,52.2328098
mieszkanie,950000,48.21,19705.46,2,Śródmieście,Domiporta,30/10/2023,21.019067,52.2328098
mieszkanie,715000,36.0,19861.11,1,Śródmieście,Domiporta,31/10/2023,21.019067,52.2328098
mieszkanie,620000,30.0,20666.67,1,Śródmieście,Domiporta,31/10/2023,21.019067,52.2328098
mieszkanie,1390000,59.0,23559.32,3,Śródmieście,Domiporta,31/10/2023,21.019067,52.2328098
mieszkanie,899000,40.25,22335.4,2,Śródmieście,Domiporta,31/10/2023,21.019067,52.2328098
mieszkanie,870000,30.0,29000.0,1,Śródmieście,Domiporta,31/10/2023,21.019067,52.2328098
mieszkanie,990000,36.0,27500.0,1,Śródmieście,Domiporta,31/10/2023,21.019067,52.2328098
mieszkanie,1050000,64.0,16406.25,2,Śródmieście,Domiporta,3/11/2023,21.019067,52.2328098
mieszkanie,935000,53.5,17476.64,3,Śródmieście,Domiporta,3/11/2023,21.019067,52.2328098
mieszkanie,1250000,47.0,26596.0,2,Śródmieście,Morizon,3/11/2023,21.019067,52.2328098
mieszkanie,1650000,61.0,26829.0,2,Śródmieście,Morizon,4/11/2023,21.019067,52.2328098
mieszkanie,1875000,75.0,25000.0,2,Śródmieście,Domiporta,6/11/2023,21.019067,52.2328098
mieszkanie,1385000,68.0,20367.65,4,Śródmieście,Domiporta,7/11/2023,21.019067,52.2328098
mieszkanie,949000,43.0,22069.77,2,Żoliborz,Domiporta,24/10/2023,20.9796975,52.2675944
mieszkanie,730000,56.0,13035.71,3,Żoliborz,Domiporta,24/10/2023,20.9796975,52.2675944
mieszkanie,799997,40.0,19999.92,2,Żoliborz,Domiporta,24/10/2023,20.9796975,52.2675944
mieszkanie,2750000,109.0,25091.0,3,Żoliborz,Morizon,24/10/2023,20.9796975,52.2675944
mieszkanie,1655000,77.0,21494.0,3,Żoliborz,Morizon,24/10/2023,20.9796975,52.2675944
mieszkanie,4780000,186.0,25698.92,4,Żoliborz,Domiporta,26/10/2023,20.9796975,52.2675944
mieszkanie,980000,58.0,16896.55,3,Żoliborz,Domiporta,26/10/2023,20.9796975,52.2675944
mieszkanie,6500000,262.5,24761.9,5,Żoliborz,Domiporta,26/10/2023,20.9796975,52.2675944
mieszkanie,1480000,80.0,18500.0,3,Żoliborz,Domiporta,30/10/2023,20.9796975,52.2675944
mieszkanie,560000,34.55,16208.39,1,Żoliborz,Domiporta,31/10/2023,20.9796975,52.2675944
mieszkanie,1200000,75.0,16000.0,3,Żoliborz,Domiporta,31/10/2023,20.9796975,52.2675944
mieszkanie,735000,49.0,15000.0,3,Żoliborz,Domiporta,31/10/2023,20.9796975,52.2675944
mieszkanie,1075000,53.75,20000.0,3,Żoliborz,Domiporta,31/10/2023,20.9796975,52.2675944
mieszkanie,1520000,75.85,20039.55,3,Żoliborz,Domiporta,3/11/2023,20.9796975,52.2675944
mieszkanie,630000,38.0,16578.95,2,Żoliborz,Domiporta,7/11/2023,20.9796975,52.2675944
mieszkanie,1190000,58.94,20190.02,2,Żoliborz,Domiporta,8/11/2023,20.9796975,52.2675944
